"RefDes";"Name";"Pattern";"Center X (mil)";"Center Y (mil)";"Side";"Rotation";"Value"
"C1";"C-EUC0603 (C-EU)";"CAP_0603";"1416.67";"4199.61";"Top";"270.0";"2.2UF"
"C2";"C-EUC0603 (C-EU)";"CAP_0603";"2586.7";"4197.27";"Top";"270.0";"18PF"
"C3";"C-EUC0603 (C-EU)";"CAP_0603";"2663.43";"4197.27";"Top";"270.0";"18PF"
"C4";"C-EU-POL_4D (C-EU-POL)";"EC-4X7";"2966.2";"4012.6";"Top";"0.0";"10UF"
"C5";"C-EUC0603 (C-EU)";"CAP_0603";"1178.7";"4102.16";"Top";"180.0";"100NF"
"C6";"C-EUC0603 (C-EU)";"CAP_0603";"2020.69";"4044.93";"Top";"0.0";"100NF"
"C7";"C-EUC0603 (C-EU)";"CAP_0603";"2324.66";"4043.7";"Top";"180.0";"100NF"
"C8";"C-EUC0603 (C-EU)";"CAP_0603";"2023.1";"3968.82";"Top";"180.0";"2.2UF"
"C9";"C-EUC0603 (C-EU)";"CAP_0603";"3347.61";"3985.78";"Top";"0.0";"47PF"
"C10";"C-EUC0603 (C-EU)";"CAP_0603";"3491.2";"3943.7";"Top";"180.0";"220PF"
"C11";"C-EUC0603 (C-EU)";"CAP_0603";"902.7";"3915.26";"Top";"0.0";"100NF"
"C12";"C-EUC0603 (C-EU)";"CAP_0603";"2982.74";"3818.7";"Top";"0.0";"47PF"
"C13";"C-EUC0603 (C-EU)";"CAP_0603";"2234.19";"3733.08";"Top";"270.0";"100NF"
"C14";"C-EUC0603 (C-EU)";"CAP_0603";"2832.74";"3758.1";"Top";"180.0";"220PF"
"C15";"C-EUC0603 (C-EU)";"CAP_0603";"3492.44";"3756.2";"Top";"180.0";"100NF"
"C16";"C-EUC0603 (C-EU)";"CAP_0603";"2982.74";"3718.7";"Top";"180.0";"100NF"
"C17";"C-EU-POL_4D (C-EU-POL)";"EC-4X7";"2203.7";"3512.3";"Top";"0.0";"10UF"
"C18";"C-EUC0603 (C-EU)";"CAP_0603";"441.2";"3577.16";"Top";"90.0";"100NF"
"C19";"C-EU-POL_4D (C-EU-POL)";"EC-4X7";"2628.7";"3451.7";"Top";"0.0";"10UF"
"C20";"C-EU-POL_4D (C-EU-POL)";"EC-4X7";"2853.7";"3451.7";"Top";"0.0";"10UF"
"C21";"C-EUC0603 (C-EU)";"CAP_0603";"2026.05";"3561.61";"Top";"0.0";"100NF"
"C22";"C-EUC0603 (C-EU)";"CAP_0603";"728.7";"3502.16";"Top";"270.0";"100NF"
"C23";"C-EUC0603 (C-EU)";"CAP_0603";"2482.74";"3508.1";"Top";"180.0";"100NF"
"C24";"C-EUC0603 (C-EU)";"CAP_0603";"3216.2";"3506.2";"Top";"180.0";"47PF"
"C25";"C-EUC0603 (C-EU)";"CAP_0603";"3491.2";"3506.2";"Top";"180.0";"47PF"
"C26";"C-EUC0603 (C-EU)";"CAP_0603";"1207.74";"3468.7";"Top";"180.0";"100NF"
"C27";"C-EUC0805 (C-EU)";"C0805";"1066.2";"3418.8";"Top";"270.0";"10UF"
"C28";"C-EU-POL_4D (C-EU-POL)";"EC-4X7";"2491.2";"3263.92";"Top";"0.0";"10UF"
"C29";"C-EU-POL_4D (C-EU-POL)";"EC-4X7";"1228.7";"3262.3";"Top";"0.0";"10UF"
"C30";"C-EU-POL_4D (C-EU-POL)";"EC-4X7";"2128.7";"3249.8";"Top";"0.0";"10UF"
"C31";"C-EUC0603 (C-EU)";"CAP_0603";"1900.72";"3369.23";"Top";"0.0";"100NF"
"C32";"C-EUC0603 (C-EU)";"CAP_0603";"1445.24";"3368.7";"Top";"180.0";"100NF"
"C33";"C-EUC0603 (C-EU)";"CAP_0603";"1724.66";"3368.7";"Top";"0.0";"100NF"
"C34";"C-EUC0603 (C-EU)";"CAP_0603";"2303.7";"3343.7";"Top";"180.0";"560PF"
"C35";"C-EUC0805 (C-EU)";"C0805";"441.2";"3268.8";"Top";"270.0";"10UF"
"C36";"C-EUC0805 (C-EU)";"C0805";"691.2";"3268.6";"Top";"90.0";"10UF"
"C37";"C-EUC0603 (C-EU)";"CAP_0603";"1905.07";"3279.02";"Top";"0.0";"100NF"
"C38";"C-EUC0603 (C-EU)";"CAP_0603";"3482.74";"3237.01";"Top";"0.0";"470NF"
"C39";"C-EUC0603 (C-EU)";"CAP_0603";"2841.2";"3229.89";"Top";"0.0";"560PF"
"C40";"C-EUC0603 (C-EU)";"CAP_0603";"2303.7";"3168.7";"Top";"0.0";"100NF"
"C41";"C-EUC0603 (C-EU)";"CAP_0603";"3482.74";"3149.51";"Top";"0.0";"470NF"
"C42";"C-USC0603";"CAP_0603";"1480.51";"3093.7";"Top";"180.0";"18p"
"C43";"C-USC0603";"CAP_0603";"1655.51";"3093.7";"Top";"0.0";"18p"
"C44";"C-EUC0603 (C-EU)";"CAP_0603";"2841.2";"3129.89";"Top";"180.0";"100NF"
"C45";"C-EUC0603 (C-EU)";"CAP_0603";"2991.2";"3129.89";"Top";"180.0";"560PF"
"C46";"C-EUC0603 (C-EU)";"CAP_0603";"2541.2";"3077.16";"Top";"180.0";"560PF"
"C47";"C-EUC0603 (C-EU)";"CAP_0603";"2703.7";"2947.66";"Top";"180.0";"560PF"
"C48";"C-EUC0603 (C-EU)";"CAP_0603";"487.16";"2868.7";"Top";"0.0";"100NF"
"C49";"C-EUC0603 (C-EU)";"CAP_0603";"3341.2";"2831.2";"Top";"0.0";"560PF"
"C50";"C-EUC0805 (C-EU)";"C0805";"1853.7";"2770.78";"Top";"270.0";"10UF"
"C51";"C-EUC0603 (C-EU)";"CAP_0603";"1380.05";"2752.49";"Top";"270.0";"100NF"
"C52";"C-EUC0603 (C-EU)";"CAP_0603";"2053.7";"2731.2";"Top";"180.0";"560PF"
"C53";"C-EUC0603 (C-EU)";"CAP_0603";"2137.98";"2531.28";"Top";"0.0";"100NF"
"C54";"C-EUC0603 (C-EU)";"CAP_0603";"2543.92";"2534.93";"Top";"180.0";"560PF"
"C55";"C-EUC0603 (C-EU)";"CAP_0603";"987.9";"2588.04";"Top";"0.0";"100NF"
"C56";"C-EUC0603 (C-EU)";"CAP_0603";"2916.2";"2552.16";"Top";"90.0";"100NF"
"C57";"C-EUC0603 (C-EU)";"CAP_0603";"1657.74";"1805.27";"Top";"0.0";"10NF"
"C58";"C-EUC0603 (C-EU)";"CAP_0603";"1093.32";"1795.55";"Top";"180.0";"10NF"
"C59";"C-EUC0603 (C-EU)";"CAP_0603";"2237.16";"1703.7";"Top";"0.0";"10NF"
"C60";"C-EUC0603 (C-EU)";"CAP_0603";"2762.16";"1623.69";"Top";"180.0";"10NF"
"C61";"C-EUC0603 (C-EU)";"CAP_0603";"2239.16";"1607.71";"Top";"0.0";"100NF"
"C62";"C-EUC0603 (C-EU)";"CAP_0603";"1094.13";"1521.65";"Top";"0.0";"100NF"
"C63";"C-EUC0603 (C-EU)";"CAP_0603";"3503.7";"1485.24";"Top";"270.0";"100NF"
"C64";"C-EUC0603 (C-EU)";"CAP_0603";"549.66";"1231.2";"Top";"0.0";"47PF"
"C65";"C-EUC0603 (C-EU)";"CAP_0603";"1007.74";"1231.2";"Top";"180.0";"47PF"
"C66";"C-EUC0603 (C-EU)";"CAP_0603";"3214.98";"1228.83";"Top";"0.0";"100NF"
"C67";"C-EUC0603 (C-EU)";"CAP_0603";"1246.23";"1206.2";"Top";"0.0";"10NF"
"C68";"C-EUC0603 (C-EU)";"CAP_0603";"1923.67";"1148.99";"Top";"0.0";"10NF"
"C69";"C-EUC0603 (C-EU)";"CAP_0603";"2403.7";"1110.24";"Top";"0.0";"10NF"
"C70";"C-EUC0603 (C-EU)";"CAP_0603";"1016.2";"1060.24";"Top";"180.0";"100NF"
"C71";"C-EUC0603 (C-EU)";"CAP_0603";"545.98";"1057.62";"Top";"180.0";"100NF"
"C72";"C-EUC0603 (C-EU)";"CAP_0603";"2732.74";"1056.2";"Top";"0.0";"100NF"
"C73";"C-EUC0603 (C-EU)";"CAP_0603";"1504.47";"979.93";"Top";"180.0";"100NF"
"C74";"C-EUC0603 (C-EU)";"CAP_0603";"1653.96";"978.56";"Top";"0.0";"10NF"
"C75";"C-EUC0603 (C-EU)";"CAP_0603";"1924.89";"954.3";"Top";"180.0";"100NF"
"C76";"C-EUC0603 (C-EU)";"CAP_0603";"1545.24";"681.2";"Top";"0.0";"10NF"
"C77";"C-EUC0603 (C-EU)";"CAP_0603";"2037.16";"668.7";"Top";"180.0";"1NF"
"C78";"C-EUC0603 (C-EU)";"CAP_0603";"1549.66";"506.2";"Top";"0.0";"100NF"
"D1";"MB1S";"SOP-4/6.5x2.54";"591.2";"3731.1";"Top";"90.0";""
"FB1";"FERRITE_BEAD_0603 (FERRITE_BEAD)";"WUERTH-ELEKTRONIK_0603";"466.2";"3862.2";"Top";"270.0";"FB"
"FB2";"FERRITE_BEAD_0603 (FERRITE_BEAD)";"WUERTH-ELEKTRONIK_0603";"741.2";"3862.2";"Top";"270.0";"FB"
"J_AUX";"EURO_JACKS_SMALL_SILK (EURO_JACK)";"Thonkiconn";"2978.7";"1096.7";"Bottom";"0.0";"Eurorack Jack"
"J_DENS";"EURO_JACKS_SILK (EURO_JACK)";"Thonkiconn";"2178.7";"1096.7";"Bottom";"0.0";"Eurorack Jack"
"J_FDBK";"EURO_JACKS_SILK (EURO_JACK)";"Thonkiconn";"1681.7";"1543.7";"Bottom";"270.0";"Eurorack Jack"
"J_HOLD";"EURO_JACKS_SMALL_SILK (EURO_JACK)";"Thonkiconn";"1378.7";"665.7";"Bottom";"180.0";"Eurorack Jack"
"J_I-LVL";"EURO_JACKS_SILK (EURO_JACK)";"Thonkiconn";"3378.7";"1096.7";"Bottom";"0.0";"Eurorack Jack"
"J_LIN";"EURO_JACKS_SILK (EURO_JACK)";"Thonkiconn";"3378.7";"665.7";"Bottom";"180.0";"Eurorack Jack"
"J_LOUT";"EURO_JACKS_SILK (EURO_JACK)";"Thonkiconn";"978.7";"665.7";"Bottom";"180.0";"Eurorack Jack"
"J_MIX";"EURO_JACKS_SILK (EURO_JACK)";"Thonkiconn";"2781.7";"1543.7";"Bottom";"270.0";"Eurorack Jack"
"J_O-LVL";"EURO_JACKS_SILK (EURO_JACK)";"Thonkiconn";"578.7";"1096.7";"Bottom";"0.0";"Eurorack Jack"
"J_PAN";"EURO_JACKS_SILK (EURO_JACK)";"Thonkiconn";"2275.7";"1543.7";"Bottom";"90.0";"Eurorack Jack"
"J_PITCH";"EURO_JACKS_SILK (EURO_JACK)";"Thonkiconn";"1778.7";"665.7";"Bottom";"180.0";"Eurorack Jack"
"J_POSI";"EURO_JACKS_SILK (EURO_JACK)";"Thonkiconn";"2578.7";"1096.7";"Bottom";"0.0";"Eurorack Jack"
"J_RIN";"EURO_JACKS_SILK (EURO_JACK)";"Thonkiconn";"2978.7";"665.7";"Bottom";"180.0";"Eurorack Jack"
"J_ROUT";"EURO_JACKS_SILK (EURO_JACK)";"Thonkiconn";"578.7";"665.7";"Bottom";"180.0";"Eurorack Jack"
"J_SIZE";"EURO_JACKS_SILK (EURO_JACK)";"Thonkiconn";"1778.7";"1096.7";"Bottom";"0.0";"Eurorack Jack"
"J_TEXT";"EURO_JACKS_SILK (EURO_JACK)";"Thonkiconn";"1378.7";"1096.7";"Bottom";"0.0";"Eurorack Jack"
"J_TRIG";"EURO_JACKS_SMALL_SILK (EURO_JACK)";"Thonkiconn";"978.7";"1096.7";"Bottom";"0.0";"Eurorack Jack"
"J_VERB";"EURO_JACKS_SILK (EURO_JACK)";"Thonkiconn";"1175.7";"1543.7";"Bottom";"90.0";"Eurorack Jack"
"J_VOCT";"EURO_JACKS_SILK (EURO_JACK)";"Thonkiconn";"2178.7";"665.7";"Bottom";"180.0";"Eurorack Jack"
"JP1";"M04PTH";"1X04";"733.66";"4654.66";"Bottom";"0.0";""
"LED_A";"LED_SILK (LED)";"LED_SILK";"3378.7";"2693.7";"Bottom";"180.0";"3mm Yellow Diffused"
"LED_B";"LED_SILK (LED)";"LED_SILK";"3378.7";"2493.7";"Bottom";"180.0";"3mm Yellow Diffused"
"LED_C";"LED_SILK (LED)";"LED_SILK";"3378.7";"2293.7";"Bottom";"180.0";"3mm Yellow Diffused"
"LED_D";"LED_SILK (LED)";"LED_SILK";"3378.7";"2093.7";"Bottom";"180.0";"3mm Yellow Diffused"
"LED_IN1";"LED_SILK (LED)";"LED_SILK";"2316.2";"4618.7";"Bottom";"0.0";"3mm Green Diffused"
"LED_IN2";"LED_SILK (LED)";"LED_SILK";"2091.2";"4618.7";"Bottom";"0.0";"3mm Green Diffused"
"LED_IN3";"LED_SILK (LED)";"LED_SILK";"1866.2";"4618.7";"Bottom";"0.0";"3mm Yellow Diffused"
"LED_IN4";"LED_SILK (LED)";"LED_SILK";"1641.2";"4618.7";"Bottom";"0.0";"3mm Red Diffused"
"LED_OUT1";"LED_SILK (LED)";"LED_SILK";"2316.2";"4443.7";"Bottom";"0.0";"3mm Green Diffused"
"LED_OUT2";"LED_SILK (LED)";"LED_SILK";"2091.2";"4443.7";"Bottom";"0.0";"3mm Green Diffused"
"LED_OUT3";"LED_SILK (LED)";"LED_SILK";"1866.2";"4443.7";"Bottom";"0.0";"3mm Yellow Diffused"
"LED_OUT4";"LED_SILK (LED)";"LED_SILK";"1641.2";"4443.7";"Bottom";"0.0";"3mm Red Diffused"
"LED_T1";"LED_SILK (LED)";"LED_SILK";"578.7";"2693.7";"Bottom";"180.0";"3mm Yellow Diffused"
"LED_T2";"LED_SILK (LED)";"LED_SILK";"578.7";"2493.7";"Bottom";"180.0";"3mm Yellow Diffused"
"LED_T3";"LED_SILK (LED)";"LED_SILK";"578.7";"2293.7";"Bottom";"180.0";"3mm Yellow Diffused"
"LED_T4";"LED_SILK (LED)";"LED_SILK";"578.7";"2093.7";"Bottom";"180.0";"3mm Yellow Diffused"
"P1";"M05X2PTH";"AVR_ICSP";"770.71";"4093.91";"Top";"270.0";"M05X2PTH"
"P2";"M05X2MINIJTAG (M05X2)";"2X5-1.27";"1065.15";"4548.88";"Top";"0.0";"Mini JTAG Header"
"Q1";"TXC 7A crystal";"TSC 7A crystal";"2591.01";"4068.7";"Top";"180.0";"12.288MHz"
"Q2";"TXC 7A crystal";"TSC 7A crystal";"1530.5";"3218.7";"Top";"180.0";"8MHz"
"Q3";"-NPN-MMBT3904LT1SOT23-BEC (*-NPN-)";"SOT23-BEC";"783.96";"1808.19";"Top";"0.0";"MMBT3904"
"Q4";"-NPN-MMBT3904LT1SOT23-BEC (*-NPN-)";"SOT23-BEC";"940.08";"1806.55";"Top";"0.0";"MMBT3904"
"R1";"R-US_R0603 (R-US_)";"RES_0603";"1573.45";"4355.86";"Top";"180.0";"100R"
"R2";"R-US_R0603 (R-US_)";"RES_0603";"1704.13";"4355.86";"Top";"180.0";"100R"
"R3";"R-US_R0603 (R-US_)";"RES_0603";"1837.95";"4355.86";"Top";"180.0";"1K"
"R4";"R-US_R0603 (R-US_)";"RES_0603";"1970.86";"4355.86";"Top";"0.0";"1K"
"R5";"R-US_R0603 (R-US_)";"RES_0603";"2103.14";"4355.86";"Top";"0.0";"1K"
"R6";"R-US_R0603 (R-US_)";"RES_0603";"2239.91";"4355.86";"Top";"0.0";"1K"
"R7";"R-US_R0603 (R-US_)";"RES_0603";"2341.86";"4342.02";"Top";"270.0";"100R"
"R8";"R-US_R0603 (R-US_)";"RES_0603";"2403.7";"4342.02";"Top";"270.0";"100R"
"R9";"R-US_R0603 (R-US_)";"RES_0603";"2027.25";"3885.63";"Top";"0.0";"2K"
"R10";"R-US_R0603 (R-US_)";"RES_0603";"3492.66";"3856.2";"Top";"0.0";"10K"
"R11";"R-US_R0603 (R-US_)";"RES_0603";"2031.29";"3797.63";"Top";"0.0";"2K"
"R12";"R-US_R0603 (R-US_)";"RES_0603";"3492.35";"3668.7";"Top";"180.0";"5K1"
"R13";"R-US_R0603 (R-US_)";"RES_0603";"2837.16";"3658.1";"Top";"0.0";"10K"
"R14";"R-US_R0603 (R-US_)";"RES_0603";"1167.26";"3621.23";"Top";"90.0";"10K"
"R15";"R-US_R0603 (R-US_)";"RES_0603";"2991.2";"3618.7";"Top";"0.0";"5K1"
"R16";"R-US_R0603 (R-US_)";"RES_0603";"3492.44";"3593.7";"Top";"0.0";"10K"
"R17";"R-US_R0603 (R-US_)";"RES_0603";"3041.2";"3506.2";"Top";"180.0";"10K"
"R18";"R-US_R0603 (R-US_)";"RES_0603";"2703.7";"3268.7";"Top";"180.0";"22K"
"R19";"R-US_R0603 (R-US_)";"RES_0603";"2303.7";"3256.2";"Top";"180.0";"510R"
"R20";"R-US_R0603 (R-US_)";"RES_0603";"3249.66";"3231.2";"Top";"0.0";"22K"
"R21";"R-US_R0603 (R-US_)";"RES_0603";"1899.66";"3168.7";"Top";"0.0";"10K"
"R22";"R-US_R0603 (R-US_)";"RES_0603";"2703.7";"3188.44";"Top";"0.0";"510R"
"R23";"R-US_R0603 (R-US_)";"RES_0603";"487.16";"3118.7";"Top";"180.0";"510R"
"R24";"R-US_R0603 (R-US_)";"RES_0603";"2703.7";"3108.18";"Top";"180.0";"1M"
"R25";"R-US_R0603 (R-US_)";"RES_0603";"2053.7";"3037.14";"Top";"180.0";"39K"
"R26";"R-US_R0603 (R-US_)";"RES_0603";"3178.7";"3006.2";"Top";"0.0";"510R"
"R27";"R-US_R0603 (R-US_)";"RES_0603";"2541.2";"2997.74";"Top";"180.0";"510R"
"R28";"R-US_R0603 (R-US_)";"RES_0603";"2703.7";"3027.92";"Top";"180.0";"49K9"
"R29";"R-US_R0603 (R-US_)";"RES_0603";"2053.7";"2949.64";"Top";"0.0";"22K"
"R30";"R-US_R0603 (R-US_)";"RES_0603";"3178.7";"2918.7";"Top";"180.0";"22K"
"R31";"R-US_R0603 (R-US_)";"RES_0603";"2541.2";"2906.2";"Top";"0.0";"39K"
"R32";"R-US_R0603 (R-US_)";"RES_0603";"2053.7";"2862.14";"Top";"180.0";"510R"
"R33";"R-US_R0603 (R-US_)";"RES_0603";"3178.7";"2831.2";"Top";"180.0";"510R"
"R34";"R-US_R0603 (R-US_)";"RES_0603";"2541.2";"2818.7";"Top";"180.0";"22K"
"R35";"R-US_R0603 (R-US_)";"RES_0603";"2703.7";"2867.4";"Top";"0.0";"510R"
"R36";"R-US_R0603 (R-US_)";"RES_0603";"3178.7";"2743.7";"Top";"0.0";"49K9"
"R37";"R-US_R0603 (R-US_)";"RES_0603";"2541.2";"2731.2";"Top";"180.0";"510R"
"R38";"R-US_R0603 (R-US_)";"RES_0603";"2703.7";"2787.14";"Top";"180.0";"100K"
"R39";"R-US_R0603 (R-US_)";"RES_0603";"753.7";"2643.7";"Top";"0.0";"1K"
"R40";"R-US_R0603 (R-US_)";"RES_0603";"2703.7";"2706.87";"Top";"180.0";"100K"
"R41";"R-US_R0603 (R-US_)";"RES_0603";"3178.7";"2643.7";"Top";"0.0";"1M"
"R42";"R-US_R0603 (R-US_)";"RES_0603";"753.7";"2568.7";"Top";"0.0";"1K"
"R43";"R-US_R0603 (R-US_)";"RES_0603";"3178.7";"2556.2";"Top";"0.0";"100K"
"R44";"R-US_R0603 (R-US_)";"RES_0603";"753.7";"2493.7";"Top";"0.0";"1K"
"R45";"R-US_R0603 (R-US_)";"RES_0603";"3178.7";"2468.7";"Top";"180.0";"100K"
"R46";"R-US_R0603 (R-US_)";"RES_0603";"753.7";"2418.7";"Top";"0.0";"1K"
"R47";"R-US_R0603 (R-US_)";"RES_0603";"753.7";"2331.2";"Top";"0.0";"1K"
"R48";"R-US_R0603 (R-US_)";"RES_0603";"753.7";"2256.2";"Top";"0.0";"1K"
"R49";"R-US_R0603 (R-US_)";"RES_0603";"753.7";"2181.2";"Top";"0.0";"1K"
"R50";"R-US_R0603 (R-US_)";"RES_0603";"753.7";"2106.2";"Top";"0.0";"1K"
"R51";"R-US_R0603 (R-US_)";"RES_0603";"805.48";"1970.58";"Top";"180.0";"100K"
"R52";"R-US_R0603 (R-US_)";"RES_0603";"940.08";"1969.26";"Top";"180.0";"100K"
"R53";"R-US_R0603 (R-US_)";"RES_0603";"1811.76";"1802.83";"Top";"180.0";"200K"
"R54";"R-US_R0603 (R-US_)";"RES_0603";"2237.16";"1791.2";"Top";"0.0";"33K"
"R55";"R-US_R0603 (R-US_)";"RES_0603";"2932.74";"1777.04";"Top";"180.0";"200K"
"R56";"R-US_R0603 (R-US_)";"RES_0603";"2069.4";"1754.87";"Top";"0.0";"200K"
"R57";"R-US_R0603 (R-US_)";"RES_0603";"1812.16";"1718.7";"Top";"180.0";"200K"
"R58";"R-US_R0603 (R-US_)";"RES_0603";"1657.74";"1717.77";"Top";"0.0";"33K"
"R59";"R-US_R0603 (R-US_)";"RES_0603";"2762.16";"1711.19";"Top";"180.0";"33K"
"R60";"R-US_R0603 (R-US_)";"RES_0603";"1093.32";"1704.87";"Top";"180.0";"33K"
"R61";"R-US_R0603 (R-US_)";"RES_0603";"2934.85";"1679.71";"Top";"180.0";"100K"
"R62";"R-US_R0603 (R-US_)";"RES_0603";"799.32";"1656.8";"Top";"180.0";"100K"
"R63";"R-US_R0603 (R-US_)";"RES_0603";"935.26";"1655.79";"Top";"180.0";"100K"
"R64";"R-US_R0603 (R-US_)";"RES_0603";"2065.65";"1641.87";"Top";"0.0";"100K"
"R65";"R-US_R0603 (R-US_)";"RES_0603";"1656.14";"1622.61";"Top";"180.0";"100K"
"R66";"R-US_R0603 (R-US_)";"RES_0603";"1096.5";"1610.45";"Top";"0.0";"100K"
"R67";"R-US_R0603 (R-US_)";"RES_0603";"3204.8";"1452.13";"Top";"0.0";"510R"
"R68";"R-US_R0603 (R-US_)";"RES_0603";"1919.14";"1328.58";"Top";"180.0";"100K"
"R69";"R-US_R0603 (R-US_)";"RES_0603";"1599.66";"1306.2";"Top";"0.0";"200K"
"R70";"R-US_R0603 (R-US_)";"RES_0603";"1237.76";"1302.16";"Top";"180.0";"100K"
"R71";"R-US_R0603 (R-US_)";"RES_0603";"2732.74";"1268.7";"Top";"0.0";"1M"
"R72";"R-US_R0603 (R-US_)";"RES_0603";"1917.25";"1234.87";"Top";"180.0";"200K"
"R73";"R-US_R0603 (R-US_)";"RES_0603";"2403.7";"1227.16";"Top";"180.0";"100K"
"R74";"R-US_R0603 (R-US_)";"RES_0603";"1733.12";"1191.25";"Top";"180.0";"100K"
"R75";"R-US_R0603 (R-US_)";"RES_0603";"2724.66";"1168.7";"Top";"0.0";"100R"
"R76";"R-US_R0603 (R-US_)";"RES_0603";"545.24";"1143.7";"Top";"180.0";"200K"
"R77";"R-US_R0603 (R-US_)";"RES_0603";"1012.16";"1143.7";"Top";"0.0";"200K"
"R78";"R-US_R0603 (R-US_)";"RES_0603";"3216.2";"1127.16";"Top";"0.0";"200K"
"R79";"R-US_R0603 (R-US_)";"RES_0603";"1241.2";"1110.24";"Top";"0.0";"33K"
"R80";"R-US_R0603 (R-US_)";"RES_0603";"1734.61";"1095.67";"Top";"0.0";"33K"
"R81";"R-US_R0603 (R-US_)";"RES_0603";"1921.57";"1051.38";"Top";"0.0";"33K"
"R82";"R-US_R0603 (R-US_)";"RES_0603";"3216.2";"1039.66";"Top";"180.0";"100K"
"R83";"R-US_R0603 (R-US_)";"RES_0603";"1237.16";"1018.7";"Top";"0.0";"200K"
"R84";"R-US_R0603 (R-US_)";"RES_0603";"2416.2";"1010.24";"Top";"0.0";"33K"
"R85";"R-US_R0603 (R-US_)";"RES_0603";"2399.66";"893.7";"Top";"0.0";"200K"
"R86";"R-US_R0603 (R-US_)";"RES_0603";"728.7";"760.24";"Top";"270.0";"100K"
"R87";"R-US_R0603 (R-US_)";"RES_0603";"828.7";"760.24";"Top";"270.0";"100K"
"R88";"R-US_R0603 (R-US_)";"RES_0603";"1545.24";"768.7";"Top";"0.0";"33K"
"R89";"R-US_R0603 (R-US_)";"RES_0603";"2182.74";"668.7";"Top";"180.0";"180K"
"R90";"R-US_R0603 (R-US_)";"RES_0603";"628.7";"614.66";"Top";"90.0";"1K"
"R91";"R-US_R0603 (R-US_)";"RES_0603";"928.7";"614.66";"Top";"90.0";"1K"
"R92";"R-US_R0603 (R-US_)";"RES_0603";"728.7";"610.24";"Top";"270.0";"100K"
"R93";"R-US_R0603 (R-US_)";"RES_0603";"828.7";"610.24";"Top";"270.0";"100K"
"R94";"R-US_R0603 (R-US_)";"RES_0603";"1382.74";"618.7";"Top";"0.0";"200K"
"R95";"R-US_R0603 (R-US_)";"RES_0603";"1545.24";"593.7";"Top";"180.0";"100K"
"R96";"R-US_R0603 (R-US_)";"RES_0603";"2037.16";"581.2";"Top";"180.0";"47K"
"R97";"R-US_R0603 (R-US_)";"RES_0603";"2195.24";"581.2";"Top";"180.0";"100K"
"R98";"R-US_R0402 (R-US_)";"RES_0603";"1153.7";"2168.7";"Top";"180.0";"1.0k"
"R99";"R-US_R0402 (R-US_)";"RES_0603";"2803.7";"2168.7";"Top";"0.0";"1.0k"
"R100";"R-US_R0402 (R-US_)";"RES_0603";"2253.7";"2168.7";"Top";"180.0";"1.0k"
"R101";"R-US_R0402 (R-US_)";"RES_0603";"1703.7";"2168.7";"Top";"0.0";"1.0k"
"S_BANK";"TAC_SWITCHTACTILE_PTH_SILK (TAC_SWITCH)";"TACTILE-PTH_SILK";"3378.7";"1793.7";"Bottom";"270.0";"Mini Button"
"S_HOLD";"LED_BUTTONLED_BUTTON_SILK (LED_BUTTON)";"LED_BUTTON_SILK";"728.7";"4393.7";"Bottom";"270.0";"LED Button White"
"S_MUTE_INS";"TAC_SWITCHTACTILE_PTH_SILK (TAC_SWITCH)";"TACTILE-PTH_SILK";"1328.7";"4518.7";"Bottom";"270.0";"Mini Button"
"S_MUTE_OUTS";"TAC_SWITCHTACTILE_PTH_SILK (TAC_SWITCH)";"TACTILE-PTH_SILK";"2628.7";"4518.7";"Bottom";"90.0";"Mini Button"
"S_TIME";"TAC_SWITCHTACTILE_PTH_SILK (TAC_SWITCH)";"TACTILE-PTH_SILK";"578.7";"1793.7";"Bottom";"270.0";"Mini Button"
"S_TRIG";"TAC_SWITCHTACTILE_PTH_SILK (TAC_SWITCH)";"TACTILE-PTH_SILK";"2578.7";"643.7";"Bottom";"270.0";"Mini Button"
"U1";"STM32F4XXV2";"LQFP100-14X14MM";"1577.42";"3772.63";"Top";"0.0";"STM32F427VIT6"
"U2";"WM8731";"SSOP-28";"2482.85";"3781.23";"Top";"270.0";""
"U3";"TL074_SO-14 (TL074)";"SO-14";"3247.25";"3738.21";"Top";"90.0";"TL074"
"U4";"LD1117-3V3 (LD1117)";"SOT223";"944.68";"3678.55";"Top";"90.0";"LD1117-3V3"
"U5";"SSI2164";"SO-16";"2317.7";"2901.14";"Top";"90.0";"2164"
"U6";"LM4041DBZA12 (LM4041)";"DBZ_R-PDSO-G3";"3482.74";"3024.51";"Top";"180.0";"LM4040-2V5"
"U7";"LM4041DBZA12 (LM4041)";"DBZ_R-PDSO-G3";"487.16";"2993.7";"Top";"0.0";"LM4040-10V"
"U8";"4051_MUX";"SO-16";"1153.2";"2890.63";"Top";"90.0";"4051"
"U9";"SSI2164";"SO-16";"2955.2";"2874.84";"Top";"90.0";"2164"
"U10";"LD1117-3V3 (LD1117)";"SOT223";"1600.36";"2826.87";"Top";"180.0";"LD1117-3V3"
"U11";"MCP6002";"SOIC-8/150mil";"1353.7";"1725";"Top";"180.0";""
"U12";"MCP6002";"SOIC-8/150mil";"2491.2";"1725";"Top";"180.0";""
"U13";"LM4041DBZA12 (LM4041)";"DBZ_R-PDSO-G3";"3360.39";"1481.1";"Top";"90.0";"LM4040-10V"
"U14";"TL072_SO-8 (TL072)";"SO-8";"2986.83";"1151.3";"Top";"90.0";"TL072"
"U15";"MCP6002";"SOIC-8/150mil";"1497.4";"1143.7";"Top";"180.0";""
"U16";"TL074_SO-14 (TL074)";"SO-14";"784.75";"1063.21";"Top";"90.0";"TL074"
"U17";"MCP6002";"SOIC-8/150mil";"2172.4";"1131.2";"Top";"180.0";""
"U18";"MCP6002";"SOIC-8/150mil";"1791.2";"612.5";"Top";"180.0";""
"U19";"TLE2172";"TSSOP-8";"1428.7";"2074.95";"Top";"180.0";""
"U20";"TLE2172";"TSSOP-8";"2528.7";"2074.95";"Top";"180.0";""
"VR_DENS";"bourns PTL LED slide pot ";"BOURNS PTL 30mm";"2203.7";"3418.7";"Bottom";"90.0";""
"VR_FDBK";"POT_9MM_SNAP-IN__ (POT_9MM_SNAP-IN_)";"ALPS_POT_VERTICAL_PS";"1703.7";"2144.89";"Bottom";"0.0";"P-10K-B"
"VR_IN";"POT_9MM_SNAP-IN__ (POT_9MM_SNAP-IN_)";"ALPS_POT_VERTICAL_PS";"3228.7";"3344.89";"Bottom";"0.0";"P-10K-B"
"VR_MIX";"POT_9MM_SNAP-IN__ (POT_9MM_SNAP-IN_)";"ALPS_POT_VERTICAL_PS";"2803.7";"2144.89";"Bottom";"0.0";"P-10K-B"
"VR_OUT";"POT_9MM_SNAP-IN__ (POT_9MM_SNAP-IN_)";"ALPS_POT_VERTICAL_PS";"728.7";"3344.89";"Bottom";"0.0";"P-10K-B"
"VR_PAN";"POT_9MM_SNAP-IN__ (POT_9MM_SNAP-IN_)";"ALPS_POT_VERTICAL_PS";"2253.7";"2144.89";"Bottom";"0.0";"P-10K-B"
"VR_PITCH";"POT_9MM_SNAP-IN__ (POT_9MM_SNAP-IN_)";"ALPS_POT_VERTICAL_PS";"3228.7";"4344.89";"Bottom";"0.0";"P-10K-B"
"VR_POSI";"bourns PTL LED slide pot ";"BOURNS PTL 30mm";"2678.7";"3418.7";"Bottom";"90.0";""
"VR_SIZE";"bourns PTL LED slide pot ";"BOURNS PTL 30mm";"1728.7";"3418.7";"Bottom";"90.0";""
"VR_TEXT";"bourns PTL LED slide pot ";"BOURNS PTL 30mm";"1278.7";"3418.7";"Bottom";"90.0";""
"VR_VERB";"POT_9MM_SNAP-IN__ (POT_9MM_SNAP-IN_)";"ALPS_POT_VERTICAL_PS";"1153.7";"2144.89";"Bottom";"0.0";"P-10K-B"
